"Bart Beatty","98","130","158","129","128","100","114","92","127","132"
"Sunny Gerlach","174","165","173","121","131","161","170","94","98","164"
"Verla Abshire","114","154","139","142","143","115","99","91","93","104"
"Vincenza Jacobi","147","122","105","146","151","155","144","116","113","99"
"Karlee Schaden","168","145","124","127","149","151","130","157","144","135"
"Jazmyne Hoppe","160","157","140","101","134","108","136","91","125","146"
"Olaf Flatley","162","173","129","167","97","128","91","104","103","154"
"Dion Hintz","111","138","113","121","111","96","101","143","164","129"
"Ashlee Ondricka","119","165","131","178","106","94","121","123","174","122"
"Braeden Damore","175","122","128","169","142","100","123","177","131","146"
"Audreanne Kuhic","146","101","134","104","101","170","94","109","130","130"
"Macie Predovic","111","85","102","122","153","131","107","122","101","89"
"Karen Adams","127","146","118","135","132","137","104","160","105","128"
"Serena Kutch","121","95","158","91","106","93","150","121","149","157"
"Meagan Schuppe","118","121","132","119","114","102","123","100","161","133"
"Meggie Goldner","129","163","168","102","118","99","152","120","168","162"
"Timothy Rowe","100","134","130","173","130","132","92","175","148","134"
"Anibal Stark","173","157","140","88","127","141","141","89","84","93"
"Gavin Herzog","154","120","134","82","90","131","105","133","135","100"
"Neil Langosh","160","99","111","117","116","104","111","105","103","115"
"Bette Hudson","143","150","148","139","128","174","146","102","124","137"
"Rickie Legros","109","105","134","158","169","171","120","91","135","165"
"Pamela Lind","119","168","114","96","138","164","142","112","119","114"
"Faye Pagac","96","97","154","84","144","112","87","142","103","133"
"Monroe Johnson","156","112","99","101","112","134","126","143","119","130"
"Molly Schulist","89","104","147","144","127","121","107","115","155","163"
"Archibald Kunze","109","152","171","158","155","140","130","134","127","152"
"Montana Sauer","127","165","98","138","134","113","109","133","116","115"
"Jeff Kemmer","153","126","124","117","114","141","102","126","111","104"
"Savion Price","166","108","113","122","100","162","97","139","157","103"
"Benedict Becker","141","139","179","148","172","123","105","138","125","129"
"Yadira Medhurst","142","124","163","109","127","154","102","132","146","135"
"Kelley Cruickshank","88","102","150","162","105","143","155","94","133","120"
"Trevor Streich","132","114","170","93","109","119","122","165","134","153"
"Anabel Abernathy","112","158","163","134","115","135","163","137","100","131"
"Leif Mante","109","120","154","160","106","140","171","164","129","116"
"Savanna Cruickshank","109","156","128","174","114","155","173","129","166","145"
"Mellie Krajcik","90","145","139","94","116","146","136","118","131","117"
"Catharine Feeney","102","163","133","123","110","166","168","119","153","108"
"Madge Pouros","97","157","136","138","98","153","92","109","121","160"
"Mariah Lehner","118","135","93","174","87","101","161","161","118","118"
"Thelma Hammes","165","140","113","85","102","116","84","139","131","121"
"Maybell Stoltenberg","133","124","154","131","133","99","146","127","88","158"
"Myrtice Grady","162","119","136","135","140","139","177","164","130","97"
"Morgan Rohan","101","148","136","117","134","159","113","111","141","160"
"Gilberto Dare","146","120","105","145","123","129","113","119","110","113"
"Kaley Schmeler","141","158","108","150","100","96","110","117","137","102"
"Simone Hickle","109","102","133","133","103","138","135","136","98","123"
"Roslyn Runte","108","98","124","131","98","99","101","149","157","149"
"Mikel Kautzer","142","156","113","167","139","151","151","151","125","153"
"Barney Parisian","160","133","125","95","149","118","152","143","90","161"
"Carol Orn","156","131","116","175","127","135","113","126","137","149"
"Jasen Kirlin","130","158","144","134","158","160","110","148","123","102"
"Raphaelle Huels","168","106","128","129","96","152","151","128","95","123"
"Cordell Sipes","159","100","100","140","103","146","165","127","113","123"
"Ramona Hessel","164","111","120","100","132","149","135","160","101","91"
"Xavier Sauer","100","163","160","150","149","134","128","134","162","141"
"Bradford Rempel","131","139","137","106","138","128","118","144","150","164"
"Emmett Emard","102","99","154","94","101","102","165","147","99","120"
"Delta Klein","109","101","122","119","119","160","152","90","124","136"
"Scotty Grant","161","105","110","126","147","97","152","107","126","94"
"Rylan Walker","107","93","156","151","154","133","119","121","153","154"
"Meghan Crona","118","144","135","95","144","160","113","151","131","128"
"Arianna Kohler","103","163","133","119","133","158","133","145","161","158"
"Gerald Medhurst","102","90","135","129","141","112","132","162","115","106"
"Virgie Ankunding","111","135","149","103","103","126","96","100","118","100"
"Miguel Reynolds","110","147","86","101","119","129","130","125","102","149"
"Brenden Schumm","82","121","86","161","80","116","131","80","134","169"
"Marilou Kreiger","134","143","157","105","123","154","108","110","171","148"
"Marty Donnelly","122","123","98","136","111","128","107","124","90","94"
"Furman Huel","125","152","92","91","174","132","107","110","132","121"
"Kendra Trantow","162","114","117","101","165","114","163","139","166","144"
"Adalberto Klein","98","137","98","83","95","107","112","153","125","158"
"Allison Wiza","140","91","93","157","172","138","162","163","127","129"
"Melany Fay","87","99","135","173","88","173","128","104","169","102"
"Brent Mraz","122","154","143","166","103","148","163","180","179","107"
"Meta Doyle","102","155","127","155","160","114","148","137","128","101"
"Cody Stanton","115","89","147","93","158","178","127","174","158","169"
"Gabriel Torp","146","155","133","150","145","111","121","171","161","96"
"Erick Shields","138","142","158","126","154","147","102","97","135","157"
"Bartholome Kreiger","133","137","157","146","105","142","144","124","158","104"
"Ted Altenwerth","150","101","151","146","153","138","161","153","105","128"
"Laisha Beier","156","138","128","107","152","151","135","134","120","125"
"Hadley Price","152","136","101","144","104","100","171","141","135","146"
"Athena Jacobson","125","122","112","122","112","100","143","92","109","126"
"Nona Reichert","112","114","133","114","117","91","121","156","101","150"
"Erin Fisher","135","136","97","136","154","141","126","160","151","152"
"Merle Bechtelar","105","134","124","169","122","132","137","142","143","131"
"Omer Herman","138","103","159","95","161","107","139","147","96","111"
"Kaitlyn Russel","122","108","157","150","136","125","87","112","151","99"
"Elwin Zieme","125","164","154","156","130","166","160","100","157","171"
"Dena Hilpert","127","133","114","114","117","113","155","146","141","164"
"Sincere Bradtke","104","124","111","133","153","159","115","132","160","106"
"Donnell Gutkowski","149","154","170","91","175","101","88","169","100","147"
"Lauriane Sawayn","147","130","130","98","94","133","91","112","86","118"
"Forrest McCullough","115","175","118","101","161","145","113","145","130","96"
"Randy Krajcik","170","151","116","112","86","81","165","166","83","89"
"Cloyd Smith","158","101","138","137","112","120","165","177","117","146"
"Nikki Brakus","126","92","126","95","99","104","118","150","97","148"
"Graciela Quigley","106","119","135","92","157","148","160","137","157","134"
"Candice Sawayn","146","93","133","92","140","88","107","96","133","147"
"Braulio Littel","113","155","127","96","107","136","129","107","142","101"
"Lina Weimann","129","115","151","143","109","98","139","147","124","138"
"Isai McGlynn","118","120","129","112","154","109","121","105","104","141"
"Josiane Kunze","109","168","170","138","97","164","127","110","137","165"
"Micah DuBuque","101","133","134","110","125","116","139","131","114","99"
"Louvenia Rolfson","176","148","114","146","173","109","104","159","122","91"
"Noble Champlin","141","110","172","145","122","97","141","111","163","164"
"Danyka Lockman","169","100","166","125","147","124","120","171","159","156"
"Abdullah Hills","95","139","101","175","171","174","152","169","133","177"
"Sigurd Koss","161","166","164","165","128","109","140","164","112","168"
"Roscoe Rosenbaum","158","136","103","90","101","152","129","134","145","143"
"Alisa Reichel","137","114","151","113","148","154","98","108","153","105"
"Helga Hayes","99","149","168","86","90","108","149","111","169","158"
"Kimberly Botsford","125","105","166","113","112","166","118","103","119","113"
"Emerson Bashirian","89","123","92","98","131","85","155","145","101","113"
"Minnie Dietrich","119","103","96","110","145","110","164","93","146","151"
"Kaley Kerluke","120","107","135","87","129","141","155","149","150","114"
"Kallie Moore","118","140","142","148","88","136","135","141","114","158"
"Lamar Goldner","117","161","155","144","135","113","119","98","139","147"
"Kaylee Reichert","100","120","173","135","114","163","143","92","114","93"
"Weldon Goyette","87","127","103","129","127","148","159","125","129","92"
"Rhianna Mayer","114","137","123","126","152","161","131","112","121","157"
"Taryn Marvin","159","126","114","167","89","95","112","137","105","101"
"Lou Greenfelder","116","171","129","176","149","167","139","100","101","125"
"Adalberto Russel","117","115","107","122","126","119","95","125","144","124"
"Jennie Hegmann","102","152","114","110","124","144","86","105","90","88"
"Petra Schoen","122","128","159","152","165","147","132","97","95","120"
"Emelie Lindgren","149","166","167","86","165","148","145","143","121","166"
"Obie Block","97","156","144","132","111","105","116","115","90","126"
"Makenna Smith","111","116","123","140","173","110","123","146","121","105"
"Quinn Beier","154","118","117","90","102","95","124","85","108","137"
"Elenora Bruen","123","117","117","157","102","87","123","110","140","157"
"Daniela Yost","141","156","102","110","156","106","124","85","129","117"
"Verda Gutkowski","122","135","156","179","151","161","142","132","150","130"
"Seamus Herman","140","104","93","152","137","101","103","84","123","144"
"Kirk Volkman","92","128","129","85","115","161","120","98","132","130"
"Javonte Medhurst","149","127","134","107","126","162","131","110","158","133"
"Carey Denesik","149","100","115","85","116","163","157","154","91","158"
"Kailey McClure","92","98","117","104","141","150","108","155","127","144"
"Janelle Ryan","137","108","124","145","156","117","135","113","151","99"
"Nellie Wyman","113","141","97","99","125","145","115","147","128","133"
"Elinore Wisoky","97","101","164","159","120","119","149","161","163","120"
"Flavio Sipes","112","156","101","154","142","118","163","144","87","101"
"Stephania Ernser","100","99","143","151","134","173","172","126","154","128"
"Dedrick Walker","89","169","137","160","106","99","130","167","91","151"
"Presley Conn","125","101","142","157","156","177","173","110","126","123"
"Zakary McClure","108","121","169","144","99","120","99","144","145","114"
"Allene Rosenbaum","134","92","168","134","149","111","125","167","107","129"
"Felicita Sporer","82","104","123","120","94","119","126","151","119","97"
"Keenan Lang","141","127","126","133","90","93","95","89","160","89"
"Aletha Roberts","125","134","145","119","133","103","159","149","92","112"
"Layla Gulgowski","143","161","120","157","147","170","140","127","165","166"
"Luigi Orn","122","170","128","136","140","101","162","127","99","166"
"Damien Schiller","92","102","157","117","103","114","131","114","117","151"
"Blanche Schimmel","131","87","133","140","134","111","159","125","97","160"
"Glenda Reinger","104","147","105","96","124","131","114","106","132","121"
"Angie Rau","107","133","160","152","142","129","94","117","105","84"
"Carmela Spencer","132","123","134","137","136","103","109","157","99","171"
"Ezra Lebsack","139","156","114","135","135","163","120","150","112","102"
"Summer Weissnat","142","167","113","134","102","90","108","110","128","141"
"Samantha Bergstrom","103","94","153","129","109","134","109","103","162","91"
"Rowland Jacobi","129","99","150","168","103","132","106","137","124","165"
"Erin Nader","158","110","123","166","155","103","146","173","156","137"
"Tyrique Yost","155","149","97","142","137","151","161","101","120","96"
"Urban Goyette","136","121","166","165","102","149","123","167","110","169"
"Peyton Feeney","137","134","110","158","108","147","122","129","121","107"
"Eliza Carter","120","133","161","122","115","114","94","93","130","162"
"Johnny Douglas","102","130","95","99","127","106","128","164","141","102"
"Kristin Funk","139","92","169","142","94","116","149","125","128","97"
"Julian Corkery","98","137","150","91","113","120","131","103","121","164"
"Norwood Shields","94","83","148","112","83","148","150","116","153","102"
"Hattie Carroll","163","104","125","146","154","98","111","118","97","154"
"Arnaldo Schroeder","157","121","113","139","90","131","93","95","108","125"
"Tommie Harber","168","90","106","158","113","97","158","131","158","116"
"Roger Reynolds","137","123","96","84","129","136","147","123","109","96"
"Earnestine Hane","137","138","168","145","157","144","168","133","102","122"
"Tyrese Watsica","94","93","153","136","118","89","96","103","165","163"
"Elliott Ullrich","144","122","93","172","107","120","94","142","149","170"
"Edgar Tremblay","136","168","145","110","161","140","155","103","150","93"
"Burnice Rau","120","158","98","141","149","158","171","91","172","96"
"Elta Barton","138","142","120","140","138","125","133","142","140","154"
"Jaeden Stark","171","154","160","161","171","144","99","167","124","100"
"Hassie Reichel","142","105","161","145","160","168","95","121","155","136"
"Florencio Gislason","155","139","147","154","155","147","156","141","156","117"
"Hellen Howell","129","158","145","137","89","103","131","103","149","149"
"Marcelina Wilkinson","114","159","107","110","153","127","173","122","131","147"
"Ryann Yost","117","126","129","105","102","159","155","154","105","139"
"Isabel Jones","103","140","152","150","131","155","140","106","118","124"
"Darian Keebler","171","178","105","111","126","97","171","122","91","92"
"Marquis Weimann","91","89","160","133","122","114","142","115","92","93"
"Aglae Bechtelar","155","103","122","152","127","153","85","140","94","127"
"Lina Turcotte","109","135","139","133","158","166","138","136","127","121"
"Clara Goyette","93","152","130","152","123","105","92","120","119","145"
"Bert Feeney","95","125","136","91","163","134","166","105","108","121"
"Ambrose Wyman","113","132","155","141","127","149","119","107","97","104"
"Jayne Legros","138","100","165","94","156","95","139","154","164","139"
"Sigmund Blanda","144","159","122","124","150","91","129","97","139","154"
"Lyda Carroll","166","153","119","124","140","165","139","148","135","121"
"Marcos Kuhic","105","153","106","153","106","174","132","174","133","167"
"Grace Schmeler","121","138","91","159","164","170","156","143","97","100"
"Abdullah Kihn","133","100","141","167","111","140","139","121","162","138"
"Abner Tremblay","150","159","152","97","97","118","102","126","111","97"
"Sister Funk","104","124","167","142","128","163","133","131","130","150"
"Dalton Hackett","83","111","120","82","157","138","160","148","124","139"
"Samanta Auer","156","167","108","149","98","124","111","115","141","141"
"Aniyah Hodkiewicz","95","162","160","104","113","140","106","127","154","110"
"William McGlynn","138","138","111","175","99","152","98","111","102","133"
"Clare Langworth","154","152","130","100","113","104","144","101","117","108"
"Gregory Larkin","157","123","153","101","154","109","137","108","163","152"
"Leilani Reinger","154","146","157","106","161","159","137","152","85","96"
"Talon Ernser","152","129","129","112","142","177","167","142","167","127"
"Marielle McClure","106","171","155","133","159","161","140","128","134","131"
"Loy Boyle","102","133","146","152","143","155","146","110","120","99"
"Kylee Runte","127","111","129","111","176","112","107","127","110","172"
"Franco Fay","122","111","109","153","117","133","111","157","105","107"
"Tia Mayer","91","85","121","104","111","159","160","121","86","131"
"Octavia Reynolds","163","150","144","160","148","141","160","159","157","120"
"Hardy Welch","145","110","166","175","143","146","146","163","161","104"
"Joe Lang","145","133","110","136","162","114","149","143","124","154"
"Noble Okuneva","128","160","146","116","103","117","133","131","102","165"
"Carolanne Jerde","147","178","98","149","117","166","163","132","150","102"
"Corene Kling","128","119","98","155","154","108","127","144","101","133"
"Barbara Denesik","105","95","99","142","102","118","149","104","127","104"
"Sigurd Gulgowski","123","156","161","113","95","128","130","125","141","150"
"Robb Sipes","131","174","157","126","173","123","126","118","134","177"
"Moshe Jewess","133","130","122","96","130","130","174","163","152","173"
"Salvador Frami","129","150","175","92","130","139","175","110","170","129"
"Effie Brown","109","146","153","139","132","126","169","159","121","102"
"Isobel Ferry","120","136","115","118","122","151","128","149","94","119"
"Zita Cruickshank","143","123","114","98","158","80","146","162","150","128"
"Isidro Barton","149","144","154","156","161","153","121","133","107","120"
"Amelia Medhurst","162","153","139","88","108","148","98","110","144","93"
"Ashleigh Renner","146","103","130","140","93","107","118","104","136","134"
"Gonzalo Cole","103","164","113","104","139","167","152","141","164","158"
"Brenna Hickle","103","143","132","108","100","175","103","121","159","176"
"Charley Torphy","167","105","90","164","136","128","122","143","150","149"
"Vella Corwin","93","171","89","103","97","171","103","149","90","150"
"Adolphus Hilll","125","112","94","142","177","124","124","103","137","92"
"Albert Schaden","147","151","128","134","159","111","159","113","119","118"
"Paul Wiegand","134","113","160","156","114","146","139","143","145","148"
"Wanda Schumm","163","143","149","177","141","159","136","99","108","147"
"Twila Dickinson","110","138","154","125","124","141","97","87","144","93"
"Catherine Hegmann","117","164","145","148","93","130","168","121","152","103"
"Rashawn Hermiston","109","133","89","97","137","164","168","130","91","89"
"Brandon Schumm","109","107","156","165","155","122","123","131","142","128"
"Jed Weber","103","149","111","99","172","93","125","163","143","148"
"Eldora Rowe","100","146","141","109","137","111","105","123","169","119"
"Frida Goodwin","117","123","94","149","130","172","157","139","123","163"
"Isaias Crona","110","145","129","140","104","103","160","120","136","119"
"Kurt Lynch","110","95","97","99","154","122","147","96","121","127"
"Euna Harvey","147","120","89","124","106","96","137","150","84","144"
"Carmela Parker","168","173","117","91","170","135","141","129","160","178"
"Ryan Fahey","135","159","156","141","141","104","105","149","156","153"
"Khalil Goyette","126","145","151","148","110","102","131","123","114","140"
"Jamey Wilkinson","162","142","80","159","164","112","118","112","92","120"
"Felicity Casper","124","103","167","93","94","119","106","136","117","109"
"Laury Turcotte","141","144","152","113","172","92","109","101","103","177"
"Keeley Gleichner","145","136","103","168","114","107","154","112","138","165"
"Shayne Dooley","132","126","127","151","133","122","162","134","110","102"
"Angelo Miller","106","154","153","130","98","103","90","131","161","147"
"Carmella Ratke","130","141","113","115","152","93","134","130","129","134"
"Tristin Emard","143","140","105","101","126","107","141","128","121","158"
"Jonathan Bechtelar","163","145","169","142","169","157","126","155","142","128"
"Audrey Robel","116","104","141","108","103","134","154","142","158","110"
"Justina Strosin","105","124","130","121","156","102","109","134","106","124"
"Johnny Quitzon","143","154","96","154","152","153","146","118","102","136"
"Genoveva Runte","100","116","144","133","133","143","99","135","117","122"
"Enoch Hirthe","144","167","152","99","163","134","116","129","136","89"
"Leda Rosenbaum","165","101","145","109","157","168","163","149","171","174"
"Francisco Dietrich","115","144","115","101","163","157","109","118","102","151"
"Robb Schmidt","121","172","126","98","169","147","106","153","123","144"
"Tommie Ledner","165","156","119","111","117","113","106","151","138","137"
"Jon Schimmel","153","114","149","144","132","129","142","106","122","133"
"Wilmer Macejkovic","160","124","160","91","159","139","143","111","92","154"
"Joana McKenzie","105","152","100","147","109","102","119","105","150","130"
"Lucious Larson","120","110","152","121","154","142","163","153","147","156"
"Susana Reilly","163","133","98","143","165","137","111","144","167","103"
"Abner Dickinson","138","113","163","125","159","127","126","147","125","130"
"Lucius Gusikowski","116","158","83","95","170","160","131","117","154","88"
"Hal Hand","115","109","145","118","101","100","93","109","148","138"
"Opal Larson","157","131","114","171","97","112","131","168","94","173"
"Pauline Effertz","150","153","168","172","85","130","165","114","135","92"
"Paolo Ritchie","130","147","135","142","169","125","99","122","162","174"
"Marcos Kessler","91","171","105","171","113","130","136","165","142","143"
"Percy Trantow","152","160","96","128","138","101","148","153","98","99"
"Noe Prohaska","89","126","114","160","174","172","138","102","116","137"
"Melody Ziemann","158","103","127","103","141","128","134","130","169","153"
"Jairo Hansen","91","109","121","118","137","167","98","104","126","173"
"Osbaldo Dach","113","82","87","105","88","100","88","101","92","90"
"Lavinia Kihn","100","127","163","107","148","102","152","146","144","138"
"Henderson Ondricka","97","137","157","110","115","168","91","153","164","105"
"Trystan Davis","110","142","157","114","123","124","136","127","155","131"
"Rhett Tromp","92","125","139","156","109","93","116","89","95","148"
"Reilly Morar","130","133","103","106","168","106","133","158","122","109"
"Beau Heller","102","95","135","159","89","163","105","156","104","85"
"Mariane Emmerich","92","98","162","116","167","110","118","86","89","132"
"Hulda Crona","162","90","143","136","118","158","88","164","95","94"
"Jett Purdy","162","134","166","125","134","130","114","104","167","146"
"Brandyn Moen","158","156","151","171","137","107","178","127","152","147"
"Darryl Runolfsson","111","138","121","124","99","131","125","90","131","166"
"Ofelia Buckridge","156","135","120","155","111","145","137","130","115","113"
"Ethelyn Daugherty","124","108","96","139","152","143","157","142","104","120"
"Colt Hackett","147","136","119","113","133","108","148","141","127","115"
"Raoul Reynolds","157","150","120","109","147","122","103","115","93","158"
"Emilio Green","95","126","88","122","86","91","139","119","84","130"
"Charlie Gusikowski","114","118","104","106","135","124","100","105","118","147"
"Larissa Ferry","121","114","151","141","114","149","94","156","94","117"
"Freddie Lakin","112","169","114","169","113","122","176","162","160","176"
"Christiana Ryan","121","129","153","123","147","93","99","115","125","124"
"Magnus Douglas","123","116","106","139","116","173","134","165","134","134"
"Billy Blick","142","98","157","133","107","154","106","124","136","106"
"Augustus Von","159","144","91","140","112","157","129","148","98","152"
"Mckenna Rippin","99","146","153","142","151","93","153","91","99","85"
"Victor Kshlerin","110","139","93","94","103","134","118","131","138","150"
"Bernadine Bernhard","164","123","96","161","155","136","128","88","86","84"
"Aurelia Ortiz","160","152","125","164","147","159","129","115","154","127"
"Casandra Williamson","92","119","147","149","105","146","132","91","101","90"
"Virgie Jast","92","139","107","121","104","101","137","153","115","103"
"Mathew Kertzmann","155","101","156","119","167","165","93","146","138","106"
"Johnpaul Reilly","148","141","177","175","134","127","148","118","135","148"
"Davin Vandervort","139","121","133","99","137","92","153","171","164","143"
"Keyshawn Donnelly","112","146","112","154","163","86","153","125","136","105"
"Rene Konopelski","149","104","123","157","142","129","99","167","112","115"
"Daniela Fritsch","118","155","98","106","105","152","117","127","98","162"
"Jakayla Price","106","112","141","156","146","147","127","100","95","117"
"Gwendolyn Kilback","153","176","163","175","109","128","85","84","123","85"
"Shania Gutkowski","160","175","156","152","101","157","116","157","109","158"
"Jeffery Balistreri","99","124","160","88","137","106","125","146","98","155"
"Columbus Wiegand","105","92","94","146","138","102","143","115","154","140"
"Kylie Yost","171","169","123","158","177","110","158","128","123","114"
"Bernadette Larkin","92","129","150","143","99","154","130","126","102","149"
"Horace Heller","140","131","100","161","144","107","100","159","108","164"
"Delpha Hamill","138","123","92","137","142","174","103","156","171","176"
"Ethelyn Abshire","133","107","141","124","174","107","128","136","125","159"
"Lowell Christiansen","119","160","154","172","136","138","139","162","85","122"
"Kiarra Bartell","137","120","127","130","145","153","97","150","116","103"
"Branson Orn","147","125","135","149","106","169","123","163","166","127"
"Zola Kling","151","106","172","143","152","146","114","126","87","167"
"Mike Beer","136","160","89","94","93","167","115","152","106","124"
"Anna Brekke","129","161","160","156","141","122","143","158","161","93"
"Reyna Johns","119","156","111","101","128","134","97","126","111","117"
"Hailee Erdman","149","114","118","159","118","146","90","100","161","126"
"Audie Kohler","105","145","114","161","127","172","163","125","124","156"
"Forrest Durgan","141","95","138","164","84","151","90","138","111","86"
"Keven Mosciski","139","171","84","105","108","119","135","121","159","153"
"Leta Reichel","106","147","158","122","171","140","137","85","127","137"
"Jarred Satterfield","145","140","156","153","125","158","106","136","137","127"
"Alvah Jones","117","130","140","99","118","124","114","143","114","143"
"Yesenia Kub","144","138","136","123","149","128","168","92","170","143"
"Presley Towne","160","137","113","135","115","145","125","149","101","104"
"Luis Kub","131","157","93","85","129","130","126","139","92","88"
"Eliane Dooley","129","136","139","95","154","110","116","112","143","135"
"Retha Krajcik","121","121","129","162","119","98","163","143","136","124"
"Onie Hayes","138","134","94","104","106","117","116","142","141","155"
"Liza Kuphal","164","106","114","107","173","116","177","117","119","147"
"Addison Wolff","153","120","106","91","91","143","145","115","113","139"
"Chelsea Doyle","125","158","113","112","93","162","139","109","163","162"
"Raymond Ryan","107","109","167","121","137","111","135","126","115","164"
"Princess Auer","128","156","144","155","113","97","149","128","109","154"
"Columbus Stanton","175","133","96","126","93","109","164","150","150","137"
"Cole Rogahn","107","141","141","158","85","155","144","131","155","123"
"Bradley Eichmann","161","147","96","98","105","135","81","131","81","131"
"Jaden Homenick","96","156","107","108","154","107","112","91","90","100"
"Alphonso Botsford","144","131","112","128","109","114","114","152","126","99"
"Lavern Medhurst","129","150","100","136","165","165","110","100","99","177"
"Cecile Schuppe","154","171","111","141","155","156","110","146","120","107"
"Westley Dietrich","145","167","126","146","134","141","96","147","123","142"
"Alexzander Moore","90","149","165","142","132","109","139","129","117","89"
"Jean Purdy","162","126","115","129","134","158","117","148","103","147"
"Evert Veum","147","134","125","91","88","87","131","132","179","131"
"Otis Davis","145","141","170","95","111","152","120","156","97","156"
"Jedidiah Miller","123","159","126","119","104","120","142","152","98","127"
"Thomas Hilpert","131","130","140","164","143","139","144","126","122","105"
"Kareem Erdman","92","150","130","145","122","107","160","93","127","167"
"Krystel Moen","135","108","93","165","164","146","173","150","115","93"
"Claire Gutmann","146","91","169","109","171","122","123","108","175","155"
"Laverne Larson","150","129","124","101","141","128","144","163","158","161"
"Lelia Bednar","165","98","90","116","159","153","110","155","106","142"
"Sofia Herzog","158","125","115","87","161","147","121","110","86","89"
"Abraham Bashirian","135","127","104","148","142","113","160","129","138","138"
"Edison Baumbach","157","151","158","131","166","156","99","119","132","109"
"Santos Doyle","106","166","98","95","101","104","144","158","103","163"
"Rollin Bernhard","155","146","160","123","101","145","144","152","129","127"
"Elvis Macejkovic","155","135","138","142","154","138","135","119","160","157"
"Henriette Little","156","121","110","168","126","139","124","99","133","146"
"Josianne Kuhlman","146","140","136","153","95","135","120","151","122","130"
"Wyman Mayer","152","157","150","152","93","113","110","129","111","120"
"Augusta Schroeder","92","175","143","136","101","104","159","129","141","173"
"Emiliano Satterfield","103","85","170","97","136","155","167","84","90","155"
"Christopher Feeney","116","154","141","136","105","133","101","109","146","135"
"Marcelo Gleichner","102","150","106","110","168","108","137","171","134","142"
"Issac Dare","88","155","159","124","132","153","154","137","108","152"
"Sim Gutkowski","106","158","139","115","114","135","108","117","99","144"
"Meaghan Greenfelder","163","136","101","127","157","159","159","98","104","147"
"Lula Ullrich","165","103","105","149","121","140","164","130","153","138"
"Scotty Trantow","165","109","161","158","138","144","130","136","101","128"
"Mckayla Beatty","154","103","84","153","132","118","87","163","108","111"
"Cicero Gutmann","160","109","167","86","145","90","109","150","87","104"
"Bette Roob","108","95","122","153","129","104","173","128","89","172"
"Braxton Toy","96","132","132","106","177","168","132","102","83","174"
"Chanelle Langworth","137","101","134","124","104","122","133","129","110","157"
"Kody Robel","121","150","114","136","122","121","117","147","162","117"
"Rogers Hilll","167","109","168","144","103","160","164","161","97","171"
"Brendon Kerluke","146","158","116","108","115","92","123","96","128","120"
"Michael Ledner","114","117","98","96","127","127","113","122","123","100"
"Keaton Halvorson","130","175","113","160","122","125","128","169","123","144"
"Mathew Eichmann","119","128","164","105","138","108","168","113","152","113"
"Raina Roberts","144","144","163","129","144","121","139","108","107","100"
"Emely Hegmann","129","141","159","168","135","147","170","108","99","149"
"Aditya Graham","159","122","175","112","163","129","107","144","179","146"
"Chadd Crist","157","151","90","113","137","151","105","148","136","83"
"Steve Becker","98","164","106","157","133","132","121","119","107","123"
"Joan Torp","139","136","105","163","133","157","113","163","149","152"
"Timothy Johnson","166","112","124","102","166","158","160","166","154","149"
"Lesly Boyer","120","82","104","145","114","136","135","95","117","162"
"Haven Dare","161","125","149","132","103","156","115","156","147","154"
"Rodrick Bernhard","125","104","109","172","105","93","100","178","164","128"
"Ahmed Haag","91","90","143","110","138","100","145","157","101","123"
"Marcus Moen","173","142","167","160","98","127","114","139","99","94"
"Josiah Stehr","126","114","107","134","136","139","151","151","140","113"
"Robin Jakubowski","162","117","109","158","156","137","108","100","104","98"
"Shayna Witting","148","114","134","145","153","142","134","101","108","168"
"Lexi Gleason","104","150","150","81","155","110","154","129","119","134"
"Josie Muller","133","127","155","165","123","130","138","142","158","129"
"Gay Christiansen","108","142","102","104","177","103","126","119","107","120"
"Philip Hand","165","127","100","95","105","140","124","107","116","123"
"Arden Dickinson","143","148","118","134","160","110","121","102","154","155"
"Elenora Boehm","91","151","102","82","152","120","101","148","133","113"
"Jarrod Wisoky","145","99","126","123","122","126","156","145","158","142"
"Nick Bednar","118","117","137","160","146","99","105","97","99","150"
"Karl Howell","115","128","143","130","129","145","106","87","95","162"
"Anabelle Harris","152","111","101","169","160","140","145","138","144","152"
"Eugenia Bergstrom","118","151","140","102","89","152","146","123","103","155"
"Gerhard Schmitt","152","118","107","168","145","150","155","172","107","164"
"Jaeden Kuhic","118","120","144","91","105","132","175","111","124","128"
"Clifford Wolff","98","85","117","120","135","115","162","116","104","99"
"Grady Hettinger","155","117","157","124","156","133","153","128","146","139"
"Kaleigh Luettgen","134","109","89","130","159","105","124","102","158","149"
"Christy Ebert","139","144","106","123","177","95","119","103","162","101"
"Ashton Reinger","164","138","118","131","95","134","98","166","156","92"
"Broderick Green","98","121","122","131","155","159","113","111","156","103"
"Cora Conn","102","110","161","151","144","152","132","129","136","115"
"Eleanore Schaefer","98","91","133","173","101","91","157","107","154","166"
"Eryn Labadie","163","174","171","138","169","176","148","152","116","124"
"Chris Jenkins","139","115","97","166","115","157","93","167","169","175"
"Lauryn Romaguera","116","139","141","139","126","118","142","135","129","117"
"Justus Pacocha","102","102","117","121","105","155","89","96","117","111"
"Amalia Kovacek","108","127","131","109","166","119","114","150","97","125"
"Stefanie Pacocha","89","130","91","150","144","158","151","145","144","115"
"Coty Bernhard","132","92","142","148","141","100","124","156","108","146"
"Bradly Lemke","146","96","132","105","108","106","145","114","90","100"
"Jayce Boyer","144","104","87","100","163","109","119","107","154","87"
"Summer Runolfsdottir","143","135","133","146","171","158","138","172","174","167"
"Antwon Towne","96","135","80","154","142","134","80","104","98","82"
"Nathen Abernathy","133","133","125","108","111","146","160","161","149","101"
"Ruthe Kling","134","142","160","148","141","160","107","157","107","130"
"Monserrate Marquardt","143","83","153","134","167","91","147","100","91","101"
"Maurice Williamson","160","103","159","134","94","162","145","101","113","116"
"Jazlyn Okuneva","102","104","103","133","109","101","131","97","88","91"
"Tevin Swaniawski","129","159","155","138","133","107","162","117","158","126"
"Rafael Koelpin","142","163","130","159","98","109","135","111","178","92"
"Stefanie Hauck","108","135","124","155","114","142","172","132","88","131"
"Cristobal Witting","149","159","113","122","97","111","155","117","150","101"
"Marley Marvin","133","98","131","119","151","104","144","144","156","142"
"Hailey Harber","170","111","174","158","107","101","136","150","165","106"
"General Mraz","133","108","94","109","149","101","158","144","120","151"
"Ewell Dickens","145","107","132","104","149","146","104","110","102","112"
"Myrl Wilderman","96","96","107","102","114","163","97","144","107","135"
"Lexie Stanton","137","116","118","118","138","172","146","156","119","106"
"Deborah Nitzsche","134","111","130","107","150","147","101","120","110","105"
"Mattie Gerlach","127","170","160","131","116","116","108","172","121","92"
"Reece Boyle","158","86","96","163","167","163","131","153","111","102"
"Tracy Will","172","109","153","161","157","135","164","129","154","93"
"Barrett Kihn","124","99","158","105","100","156","125","152","91","155"
"Ana Dickens","159","98","117","129","100","159","130","129","95","156"
"Loy Abbott","146","100","89","159","88","135","130","123","122","149"
"Elmore Shanahan","145","119","130","140","104","127","125","162","120","97"
"Kellie Anderson","104","134","113","168","165","98","106","143","144","138"
"Catharine Blanda","117","117","122","161","93","107","172","173","99","135"
"Brittany Rolfson","130","129","151","112","163","119","143","125","90","129"
"Issac Pagac","86","111","98","84","140","134","89","104","144","160"
"Meggie Thiel","149","101","133","170","150","151","125","116","120","142"
"Maryam McCullough","144","106","105","130","125","155","120","155","134","167"
"Rahsaan Quigley","128","137","108","152","118","104","161","161","159","97"
"Jermey Murray","110","158","108","139","136","166","113","145","108","90"
"Austyn Pollich","107","151","147","89","125","137","123","161","105","93"
"Kamille Blanda","122","104","144","117","153","145","96","148","105","147"
"Kristoffer Dicki","150","158","122","126","92","148","146","124","152","125"
"Noemi Mann","97","154","160","132","118","147","121","121","94","122"
"Alanis Leannon","143","162","121","131","125","132","100","102","136","122"
"Janelle Hartmann","100","138","151","160","113","151","140","137","157","97"
"Clark Moore","118","160","100","112","114","139","176","142","143","159"
"Malinda Pouros","140","95","152","91","162","91","157","153","149","156"
"Sylvia Watsica","109","106","114","90","156","120","148","142","92","170"
"Derick Funk","124","115","87","129","89","140","139","117","137","94"
"Lewis Smith","152","121","123","98","168","150","112","145","148","118"
"Jillian Trantow","147","145","122","149","161","142","154","144","100","125"
"Jason Kassulke","146","151","105","110","138","98","134","134","150","90"
"Trever Huels","148","133","155","117","155","160","101","88","141","157"
"Sigmund Glover","127","120","154","123","100","122","122","103","132","137"
"Juliet Mayer","118","124","161","120","127","115","148","122","128","152"
"Merl Jaskolski","151","143","136","103","109","138","139","147","128","139"
"Verona Berge","119","96","120","120","150","110","159","109","95","133"
"Jamarcus Treutel","111","152","114","150","144","104","98","111","155","134"
"Annette Labadie","96","163","115","161","120","168","169","150","127","111"
"Rocky Lubowitz","164","127","136","126","114","116","115","120","173","90"
"Pearline Collins","104","171","161","124","159","107","101","139","100","102"
"Leopold Carter","135","118","104","161","158","130","167","131","144","167"
"Macey OReilly","142","166","105","110","100","98","128","128","108","142"
"Glen Wisozk","103","158","90","91","164","158","99","120","133","125"
"Andre Mertz","140","159","116","174","110","155","107","171","151","115"
"Alexanne Balistreri","166","160","111","129","161","113","118","119","96","135"
"Liliana West","176","170","158","177","166","141","98","134","136","175"
"Kiana Wiza","102","136","97","173","151","151","97","94","105","117"
"Carroll Cremin","155","150","85","160","125","103","137","127","134","95"
"Ashlynn Mills","117","120","118","122","117","111","134","142","122","137"
"Colten Cronin","138","89","87","138","163","169","152","91","117","162"
"Michale Toy","107","144","116","116","120","96","156","142","139","118"
"Kathryne Huels","133","136","113","118","99","141","122","136","107","125"
"Kris Jast","159","138","132","149","125","158","104","100","98","157"
"Vernice Gutkowski","137","122","172","159","104","142","115","103","155","124"
"Ned Windler","130","158","133","106","89","156","122","154","89","132"
"Shea Nolan","98","115","113","143","163","116","132","118","105","119"
"Ottilie Wilderman","154","126","94","86","142","154","144","131","147","129"
"Maxie Luettgen","174","144","115","130","150","172","145","118","158","130"
"Braeden McGlynn","113","100","112","102","144","124","141","106","116","136"
"Sallie Armstrong","166","97","135","96","153","157","96","135","126","102"
"Bertrand Maggio","97","102","160","140","140","112","128","104","99","116"
"Victoria Schmitt","147","119","144","90","112","136","133","153","97","152"
"Kaylie McGlynn","114","166","124","109","156","156","154","113","138","92"
"Sherwood Flatley","110","112","141","99","157","135","161","103","160","167"
"Kellie Prohaska","111","135","172","111","154","90","176","115","166","150"
"Ayana Bashirian","126","114","138","100","153","146","159","136","158","161"
"Leif Hagenes","151","134","139","129","166","105","141","112","130","100"
"Brianne Franecki","109","115","96","150","102","103","121","142","153","144"
"Shanel Blanda","133","127","122","150","121","151","121","135","95","93"
"Alyce Koepp","110","136","142","158","153","138","105","114","119","154"
"Arthur Kozey","105","149","101","118","126","174","165","115","120","132"
"Ricardo Nitzsche","173","137","141","101","114","125","99","175","112","119"
"Sage Kulas","160","98","131","140","149","147","103","171","174","131"
"Antonina Kassulke","166","124","120","169","139","133","148","101","163","114"
"Emile Bernier","116","155","146","162","148","151","151","120","159","157"
"Malachi Schiller","104","124","157","150","91","94","141","89","145","127"
"Daphne Okuneva","168","94","133","114","135","139","130","137","146","154"
"Una Goyette","111","110","142","126","122","165","103","172","122","174"
"Leonardo Koch","92","172","143","146","157","145","146","133","171","93"
"Glenda Flatley","121","129","145","146","116","90","149","122","159","149"
"Viola Heidenreich","132","96","129","117","137","131","152","153","164","115"
"Amir Hamill","147","138","154","122","146","117","99","123","135","146"
"Alivia Ledner","147","111","143","121","130","145","124","164","168","116"
"Fannie Streich","123","126","152","129","134","110","155","100","124","147"
"Issac Weissnat","145","154","167","168","163","106","163","161","125","163"
"Antonetta Jacobs","119","166","145","129","137","134","149","133","137","136"
"Zane Wilkinson","112","168","103","154","143","106","145","126","149","106"
"Virgil Pollich","133","157","103","125","86","119","92","156","145","143"
"Vernie Gleason","155","151","95","130","146","127","150","102","128","153"
"Verona Willms","119","119","137","138","140","153","122","106","111","157"
"Angeline Boehm","117","151","114","107","142","118","164","165","107","123"
"Chad Pacocha","125","136","130","152","96","140","103","141","163","161"
"Adonis Farrell","155","170","146","153","112","145","106","146","163","134"
"Adrian Jenkins","101","94","103","156","167","140","163","115","133","133"
"Samanta Lowe","141","148","140","93","163","97","120","110","124","159"
"Viola Boyer","112","150","86","147","103","158","112","133","134","140"
"Taylor Kihn","107","174","171","122","114","91","110","150","102","120"
"Jabari Lebsack","127","156","162","166","141","115","125","166","178","161"
"Ahmad Kling","130","104","107","112","125","106","139","151","111","132"
"Margot Parker","115","100","107","109","127","105","103","120","98","101"
"Marcelo Hoeger","159","145","147","139","99","135","151","142","91","158"
"Jeffrey Terry","161","93","129","135","93","163","124","152","143","119"
"Cruz McGlynn","103","129","138","89","89","114","168","169","174","136"
"Dorthy Mosciski","134","117","95","164","156","142","169","119","103","140"
"Georgette Heaney","106","124","107","106","151","96","146","94","128","157"
"Noah Beier","114","109","117","120","119","109","128","114","157","115"
"Triston Cormier","157","107","147","89","157","172","112","92","141","135"
"Frederic Hudson","123","160","133","152","124","102","148","110","122","153"
"Kip Flatley","139","158","120","132","139","147","133","170","127","136"
"Makenna Carroll","162","157","132","160","124","129","123","93","91","124"
"Julien Langosh","156","140","129","156","121","130","131","152","130","154"
"Trey Cole","157","117","160","152","164","104","116","104","99","138"
"Reilly Ernser","133","108","162","136","129","170","139","130","170","151"
"Lloyd Eichmann","117","137","87","163","133","103","153","111","136","122"
"Blaise Lubowitz","127","116","172","92","168","165","172","137","91","155"
"Adolphus Krajcik","107","125","137","136","130","119","120","97","133","166"
"Myah Schamberger","154","140","150","147","151","154","94","158","106","144"
"Brandon Kertzmann","94","119","93","113","95","113","157","107","126","91"
"Polly Bayer","125","153","113","106","122","126","145","121","121","152"
"Evert Bayer","122","118","156","102","147","134","146","134","115","106"
"Neha Reichel","179","102","122","167","122","96","96","103","114","178"
"Elza Green","154","130","142","104","111","132","119","127","141","158"
"Sophie Simonis","166","102","141","136","106","144","174","130","161","124"
"Simone Will","108","142","134","141","167","139","137","119","166","124"
"Trycia Jerde","159","163","145","103","93","90","118","159","107","151"
"Norberto Pacocha","134","158","153","169","169","139","132","156","132","111"
"Jessica Ferry","141","91","128","161","108","171","162","109","110","168"
"Johnathan Goldner","175","144","139","149","169","94","114","86","154","144"
"Maiya Aufderhar","102","159","112","151","155","157","116","106","161","127"
"Drew Rempel","148","101","109","128","161","147","113","129","133","109"
"Malcolm Quitzon","100","131","94","110","124","123","153","128","140","152"
"Penelope Stehr","105","131","141","142","136","98","102","159","119","140"
"Aleen Corkery","99","156","104","97","104","136","90","118","156","116"
"Alda Koss","102","105","132","162","91","160","108","162","97","146"
"Quincy Morar","103","175","177","153","177","127","175","123","95","89"
"Reed Koelpin","136","113","121","144","117","123","146","127","159","124"
"Ellie Gerlach","86","158","92","152","149","120","173","133","167","120"
"Daniella Heller","126","159","159","137","147","157","150","141","150","114"
"Bria Toy","161","136","137","115","122","142","122","157","161","165"
"Stanton Maggio","130","103","117","117","99","116","134","118","123","118"
"Kelsi Treutel","163","132","109","108","124","116","105","129","130","104"
"Freddie Ernser","143","156","108","120","167","98","158","160","143","106"
"Murphy Waelchi","158","136","107","97","135","121","121","146","95","121"
"Emilia Tromp","97","154","171","108","143","108","107","165","155","107"
"Luisa Hartmann","128","106","126","120","126","135","137","127","114","104"
"Rahul Kassulke","120","140","143","115","122","120","138","142","152","160"
"Elisabeth Maggio","174","164","126","149","174","174","102","141","165","123"
"Celestine Marquardt","110","139","135","96","106","162","130","101","108","124"
"Verona Armstrong","86","153","91","127","137","141","99","126","131","140"
"Milford Hammes","129","134","132","127","125","134","105","135","127","142"
"Christina Hackett","106","102","109","111","153","115","99","101","137","162"
"Irving Willms","122","134","143","115","101","118","119","104","151","129"
"Clay Hansen","163","149","136","88","120","119","152","123","114","104"
"Jonas Romaguera","106","129","97","101","154","116","109","144","155","134"
"Laura Bradtke","153","160","150","159","105","133","178","147","154","178"
"Reba Kessler","119","162","114","123","121","108","160","142","131","133"
"Marcella Upton","161","123","164","128","123","136","148","109","141","112"
"Lessie Lueilwitz","142","154","173","152","173","138","156","148","140","140"
"Neoma Medhurst","128","157","148","109","97","177","107","137","101","126"
"Kaycee Dooley","162","163","134","116","97","98","142","157","121","143"
"Jaron Cummerata","119","150","130","90","111","145","120","170","167","176"
"Bailee Kuhlman","115","120","103","129","101","104","96","97","147","136"
"Maida Weimann","93","102","123","139","120","120","141","109","142","135"
"Laurence Waters","119","161","153","99","161","172","111","107","98","174"
"Shanelle Rosenbaum","156","106","130","157","107","159","119","104","126","158"
"Shany Kozey","111","117","113","119","158","132","93","120","89","92"
"Marie Thompson","140","160","150","113","84","101","109","155","170","92"
"Reynold Gleason","162","128","105","157","160","154","165","137","162","147"
"Alan Gleason","102","86","151","175","160","168","173","93","141","108"
"Jasmin Feeney","160","121","142","99","127","95","161","99","95","85"
"Antonio Rice","131","149","123","106","148","91","88","133","180","132"
"Arnulfo Lockman","106","132","115","108","154","128","158","132","131","110"
"Dayana Batz","101","123","118","117","113","107","100","165","101","165"
"Laurence Schneider","132","105","150","147","151","173","84","164","87","131"
"Erik Torphy","87","172","153","164","157","137","165","104","107","141"
"Deshaun Leffler","88","159","128","164","143","143","161","111","117","134"
"Toney McDermott","121","144","108","139","141","128","149","128","120","152"
"Jamie Eichmann","101","104","150","136","143","144","116","126","98","89"
"Rhoda Walsh","171","119","114","125","109","115","154","90","175","142"
"Leonel Bogan","165","84","162","143","115","115","147","92","149","115"
"Tania Skiles","99","116","103","103","123","134","137","163","147","145"
"Reece Pollich","124","131","107","157","106","151","171","89","111","145"
"Roderick Willms","131","142","144","145","122","102","133","142","106","131"
"Danny Mann","117","131","127","134","160","131","107","119","123","132"
"Bonita Rodriguez","160","115","132","131","114","125","96","112","141","103"
"Bret Schneider","96","168","158","137","123","167","105","168","177","128"
"Clementine Kiehn","99","127","137","126","107","128","111","165","110","130"
"Kari Connelly","128","164","117","83","94","156","130","85","84","98"
"Maynard Reynolds","113","108","141","160","93","87","92","101","97","105"
"Jayson Fay","129","120","123","151","98","121","105","118","116","133"
"Ansel Roberts","90","136","142","95","144","144","115","151","105","109"
"Virgil Koch","90","96","89","154","128","156","118","128","159","123"
"Elias Wolf","112","149","154","122","157","113","109","170","104","102"
"Cornell Watsica","103","135","153","130","136","141","97","123","142","87"
"Alberta Jerde","139","137","123","112","117","124","153","127","124","141"
"Deontae Sanford","141","98","111","163","144","127","159","103","143","88"
"Jessy Feeney","123","103","136","130","139","152","137","115","107","102"
"Devante Rolfson","166","129","87","153","91","163","101","102","109","158"
"Lou Kuvalis","104","93","114","114","141","174","175","154","164","114"
"Jerod Renner","115","161","102","133","99","130","166","144","100","169"
"Willard West","116","85","150","130","142","137","141","145","158","146"
"Lizzie Beahan","147","120","117","111","115","129","148","135","128","151"
"Donald Hodkiewicz","106","116","136","154","96","140","139","122","131","166"
"Victoria Rath","92","94","156","115","121","128","115","149","105","140"
"Cleveland Parisian","152","95","157","93","145","156","122","135","168","130"
"Kariane Hilpert","111","149","145","163","110","144","157","128","119","144"
"Gwen McCullough","142","112","99","150","122","165","151","159","117","110"
"Nasir Jones","103","96","89","164","155","158","138","133","170","157"
"Aleen Treutel","157","111","111","138","112","143","152","130","103","100"
"Andy Gulgowski","158","103","138","90","87","110","144","124","131","116"
"Nicole Shields","84","177","144","148","108","140","134","142","133","105"
"Barbara Ankunding","140","106","152","134","114","120","100","166","142","143"
"Ettie Schoen","151","168","147","141","155","142","150","110","110","116"
"Lamont Upton","146","125","129","153","133","137","128","155","144","95"
"Ardella Donnelly","156","138","126","99","159","134","104","95","134","159"
"Johnathon Barton","135","126","134","167","127","153","156","156","126","98"
"Ezekiel Jenkins","171","141","88","158","133","125","151","158","97","131"
"Edwardo Ortiz","156","148","116","104","145","162","122","126","140","114"
"Dewayne Quitzon","135","118","103","139","112","134","111","122","111","150"
"Annabelle Jewess","123","141","133","123","176","175","90","145","117","95"
"Dan Adams","157","156","155","171","104","119","166","152","164","168"
"Anika Fay","148","111","101","143","158","147","135","113","101","120"
"Catalina Rohan","144","149","174","158","157","106","116","98","167","96"
"Dawson Rosenbaum","119","119","140","168","96","169","118","162","141","131"
"Tamia Reynolds","129","95","131","141","146","129","105","132","161","117"
"Lily Paucek","107","133","157","118","99","137","143","136","104","128"
"Gustave Carroll","167","119","129","115","167","100","150","141","162","119"
"Monroe Breitenberg","94","168","117","162","103","144","116","172","165","151"
"Dedrick Yost","145","131","108","112","101","162","131","104","138","156"
"Damien Gaylord","123","115","100","110","112","150","140","144","155","151"
"Uriah Goyette","161","151","125","92","89","106","83","116","109","102"
"Effie DuBuque","137","114","146","150","154","122","148","145","157","151"
"Tabitha Blick","111","145","86","95","159","122","132","152","108","169"
"Marcelo Hettinger","137","158","117","96","134","119","89","109","118","108"
"Edwina Kuphal","133","123","170","160","151","139","133","170","142","141"
"Kamren Little","101","99","143","132","158","146","126","103","156","153"
"Else Dooley","156","127","103","135","144","159","164","151","109","153"
"Tressa Thompson","159","137","131","164","170","123","112","102","170","131"
"Sid Kozey","147","160","160","111","156","149","145","151","134","110"
"Lora Becker","166","165","132","167","150","161","130","123","114","130"
"Precious Paucek","161","89","123","114","102","105","108","112","98","91"
"Fredy Jaskolski","128","152","124","151","133","129","169","162","141","106"
"Anabelle Runolfsdottir","127","145","111","104","122","136","160","116","107","125"
"Summer Osinski","134","102","158","105","111","114","104","159","112","145"
"Luis Bartell","104","160","117","121","105","154","95","165","124","150"
"Kaitlyn Kertzmann","155","95","114","106","147","122","159","88","165","104"
"Hardy Hand","126","127","103","128","153","164","118","133","108","159"
"Rylan Ledner","137","124","170","123","129","106","141","160","132","145"
"Samara Krajcik","154","147","130","149","160","112","178","174","121","101"
"Laurence Smitham","157","162","118","141","93","143","90","135","95","155"
"Morton Cole","155","129","112","139","96","114","118","109","95","132"
"Geovanni Hamill","126","102","89","155","146","105","115","139","130","156"
"Sadie Buckridge","113","134","128","123","101","100","171","156","171","174"
"Roy Haley","95","163","129","165","110","120","110","134","132","121"
"Corine Ullrich","157","159","171","135","171","108","157","168","168","160"
"Aiden Harris","145","165","142","160","112","139","140","122","111","155"
"Bernhard Zboncak","97","97","119","149","133","149","159","118","161","141"
"Ibrahim Veum","114","112","151","162","143","141","142","156","122","124"
"Stevie Johns","103","107","99","129","114","125","115","167","126","92"
"Connor Sipes","146","125","161","129","126","124","160","108","146","116"
"Clementine Murphy","132","138","127","138","125","89","164","151","130","95"
"Adrienne McDermott","94","121","128","159","117","160","134","85","157","142"
"Enos Murphy","134","151","97","114","141","131","116","149","152","124"
"Randy Lockman","121","98","135","165","116","131","98","167","128","126"
"Odell Heaney","133","121","148","158","130","100","107","163","122","155"
"Piper Halvorson","136","144","120","123","100","131","139","99","112","107"
"Norma Lebsack","146","93","99","125","172","125","120","162","144","117"
"Weston Stehr","130","151","105","131","153","108","109","133","138","117"
"Benjamin Collins","153","135","84","86","141","103","83","110","98","92"
"Kianna Gaylord","100","89","114","142","165","119","130","158","106","93"
"Brendan Brakus","162","135","90","102","111","120","101","118","113","117"
"Ivy Mueller","180","110","180","160","130","177","139","140","141","125"
"Jalen Terry","143","147","127","166","156","120","101","122","142","124"
"Aurelie Sauer","97","151","159","139","172","112","165","132","145","99"
"Randal Purdy","139","109","100","122","131","89","115","100","127","90"
"Santos Ondricka","147","112","119","146","101","110","118","96","147","164"
"Boris Christiansen","90","166","92","124","133","120","105","155","123","152"
"Jake Boehm","148","153","104","99","113","118","165","153","122","174"
"Lindsey Kuhn","129","170","169","145","113","112","176","140","153","155"
"Haylee Steuber","142","157","163","166","167","169","161","179","120","103"
"Estell Waelchi","163","100","110","133","147","123","90","110","151","103"
"Adeline Hansen","93","149","139","118","119","117","123","149","152","150"
"Donato Cassin","125","112","169","168","137","136","169","169","112","124"
"Zoie Zemlak","156","163","165","127","159","174","150","148","141","92"
"Lauryn Blanda","126","171","177","165","101","175","116","117","173","96"
"Rosamond Pouros","103","151","121","146","158","146","113","160","129","103"
"Raymond Mayert","106","131","137","155","135","118","131","136","119","149"
"Jeffrey Batz","150","85","90","91","96","122","122","134","150","146"
"Marshall Turcotte","177","147","123","116","173","145","166","143","171","133"
"Lucie Shields","108","167","156","135","153","114","115","98","101","162"
"Margarete Nitzsche","131","150","103","102","136","108","99","123","124","155"
"Zechariah Schumm","150","109","177","133","146","172","93","95","143","160"
"Felix Pagac","162","129","124","142","108","157","124","128","158","101"
"Vince Monahan","121","105","155","153","125","128","132","147","143","127"
"Earline Lang","109","119","159","171","109","117","93","167","93","131"
"Ozella Haley","112","97","162","152","143","140","151","155","119","141"
"Elliot Nienow","140","156","165","170","124","116","97","105","162","119"
"Tamara Osinski","112","144","139","102","138","157","150","94","133","85"
"Wilfredo Schamberger","124","119","138","160","152","124","148","140","127","117"
"Chance Treutel","124","133","102","137","147","98","122","97","97","92"
"Frida Kemmer","110","131","134","126","118","165","109","105","162","110"
"Colten Kris","173","120","100","137","142","118","126","152","116","157"
"Taurean Schaden","98","109","159","123","146","107","129","162","102","153"
"Leif Considine","95","102","94","161","140","142","107","158","167","128"
"Kane Nolan","146","141","131","144","102","136","136","104","138","153"
"Eugene Wolf","115","143","129","118","137","133","109","115","141","161"
"Casper Kshlerin","111","118","160","95","122","86","160","100","143","134"
"Grayce Huels","140","178","100","141","145","106","111","161","107","86"
"Theodore Schumm","145","145","101","104","111","103","164","144","158","154"
"Alycia Bednar","118","114","180","154","125","104","108","160","166","134"
"Paula Hoeger","121","95","160","144","146","120","115","155","127","117"
"Hassie Conn","159","147","129","115","95","97","150","131","158","152"
"Columbus Stokes","86","129","101","129","168","102","142","86","142","96"
"Charity Koch","130","126","121","148","126","97","152","115","111","138"
"Brent Sawayn","156","160","98","143","150","117","105","145","130","121"
"Daisha Toy","130","134","96","108","153","104","141","92","113","91"
"Jerod Bechtelar","158","139","146","106","150","162","151","156","159","156"
"Mellie Hagenes","126","158","145","123","126","119","99","118","131","97"
"Ewell Ryan","107","165","127","152","135","95","150","112","91","134"
"Florian Yundt","110","118","99","120","155","123","160","118","125","127"
"Emory Johns","158","157","101","139","123","118","98","108","144","158"
"Daren Huel","108","138","171","123","116","105","167","155","137","156"
"Lula Rogahn","169","109","96","97","106","124","116","92","157","122"
"Zola Hettinger","140","159","116","150","127","87","90","98","126","138"
"Nikki Durgan","171","165","127","158","119","93","85","130","139","125"
"Armand Zulauf","106","132","161","155","173","143","156","120","156","161"
"Clemens Kihn","144","140","97","98","158","112","135","150","119","142"
"Mittie Predovic","177","86","126","108","162","115","166","153","169","155"
"Bettye Thompson","167","147","167","155","140","171","135","121","143","162"
"Eleazar Mayer","133","94","102","131","110","159","119","145","143","123"
"Deron Murray","169","133","135","88","133","151","115","132","124","147"
"Jean Boehm","91","114","117","114","147","163","167","161","98","104"
"Misael Koch","150","149","160","98","107","92","133","138","121","144"
"Irwin Larson","155","94","142","146","88","151","88","143","110","146"
"Henderson McLaughlin","126","135","144","114","146","103","143","108","145","95"
"Pablo Rolfson","130","133","110","150","158","139","114","123","119","127"
"Louie Heller","141","151","106","108","145","139","146","165","154","167"
"Chanel Hoppe","81","119","145","130","141","163","177","152","112","129"
"Hallie Koelpin","144","109","110","123","138","133","138","153","100","106"
"Agnes Kohler","157","139","102","130","162","118","99","144","130","154"
"Misael Ullrich","142","124","141","106","153","132","100","103","95","117"
"Rashawn Kirlin","156","159","170","94","148","104","157","146","148","151"
"Lorenz Ernser","85","133","82","117","107","108","83","114","135","105"
"Harrison Bailey","126","122","145","90","167","106","141","87","154","165"
"Reed Kassulke","101","138","108","112","110","99","95","142","106","103"
"Adela Ullrich","163","162","143","133","96","159","114","140","123","148"
"Cristal Skiles","140","111","113","101","145","153","161","158","111","144"
"Sid Schoen","108","150","161","113","101","107","162","133","130","138"
"Turner Zemlak","145","150","144","145","123","83","129","149","111","104"
"Shad Larkin","160","120","146","109","149","115","160","106","150","127"
"Emmet Jones","129","88","138","114","121","152","147","122","110","154"
"Parker Jakubowski","125","114","153","107","101","140","132","101","127","108"
"Rozella Stroman","140","136","97","161","144","117","170","161","122","122"
"Kelly Cole","92","103","121","136","121","93","86","146","113","99"
"Jamaal Tromp","111","144","157","105","112","113","118","157","133","123"
"Maximillia Kunze","119","107","149","157","127","99","119","105","102","169"
"Annabelle Pacocha","147","103","105","137","108","162","151","116","107","92"
"Ona Jones","100","101","127","101","125","108","132","155","108","125"
"Carol Corkery","166","112","144","108","144","140","99","158","121","116"
"Kamryn Gibson","111","139","156","99","100","124","132","134","159","128"
"Lorna Sauer","98","159","164","130","122","142","124","104","134","155"
"Kamron Rohan","158","156","122","100","112","100","145","118","125","111"
"Tara Bauch","130","124","147","102","128","104","120","123","155","126"
"Ara Wuckert","91","140","124","162","134","152","142","110","147","159"
"Melvina Wiegand","105","117","95","152","130","128","108","128","137","126"
"Abel Jaskolski","113","155","157","140","130","123","107","119","111","114"
"Rosanna Muller","160","106","87","153","96","114","164","158","155","167"
"Fannie Schneider","104","117","142","132","155","106","132","152","104","165"
"Khalil Strosin","92","164","116","125","111","89","97","122","93","90"
"Shaylee Haag","128","147","111","152","140","159","107","130","137","111"
"Antonio Tillman","153","122","130","168","103","149","163","164","124","125"
"Mary Turner","129","161","117","167","122","150","158","90","172","93"
"Buck Little","134","96","99","128","98","95","138","97","132","98"
"Ulices Dare","160","104","172","167","120","96","128","91","162","133"
"Henri Trantow","124","150","127","141","107","142","125","139","114","160"
"Reilly Corkery","105","121","142","113","107","164","158","124","123","101"
"Jaqueline McLaughlin","98","163","171","147","166","147","91","152","152","114"
"Kristin Weissnat","144","140","107","156","98","159","102","87","118","155"
"Nathen Huel","133","110","157","133","136","140","126","135","169","99"
"Isom Bashirian","112","127","148","86","118","130","111","145","126","114"
"Itzel Smitham","108","119","165","111","170","164","148","178","115","123"
"Blair Ebert","122","110","174","131","149","172","87","165","129","103"
"Vanessa Vandervort","131","161","151","101","156","84","133","131","133","143"
"Alene Kertzmann","119","157","95","149","169","150","151","128","141","88"
"Kelly Hermann","136","154","157","127","153","158","138","127","176","89"
"Clarissa Flatley","132","90","160","120","94","133","115","130","101","158"
"Chyna Konopelski","156","91","167","160","175","157","153","96","120","107"
"Marjory Gulgowski","113","103","98","155","162","125","102","162","155","118"
"Dayna Durgan","152","151","115","159","105","165","142","134","105","110"
"Chyna Trantow","138","134","97","142","110","120","124","114","136","115"
"Kale Parisian","109","139","143","138","122","113","160","119","102","122"
"Yvonne Harber","151","88","89","146","100","83","110","114","106","132"
"Nelle Lebsack","86","152","178","89","173","107","145","107","171","119"
"Audrey Hettinger","124","139","126","114","154","116","166","89","158","144"
"Bernadette Sipes","165","160","169","171","95","129","138","110","159","118"
"Franco Kub","108","143","124","154","120","141","100","104","115","94"
"Ethan Spencer","162","134","112","92","144","86","153","154","92","157"
"Alvah King","143","86","166","168","99","167","176","151","150","119"
"Deon Farrell","142","106","146","156","133","122","114","158","123","168"
"Mervin Bosco","89","132","125","151","92","107","113","123","92","146"
"Aisha Raynor","152","143","146","153","141","106","168","156","118","142"
"Collin Bauch","126","108","124","139","157","104","147","103","129","151"
"Eugenia Kohler","105","103","129","161","130","113","140","101","131","113"
"Jacques Lowe","123","154","129","132","134","155","133","123","110","106"
"Modesto Nolan","99","96","157","119","164","136","141","152","158","128"
"Ludwig Howell","98","153","118","139","127","86","146","146","180","114"
"Mya Watsica","122","139","163","112","144","96","100","136","105","140"
"Danny Stehr","103","119","165","149","117","121","135","89","121","149"
"Deborah Konopelski","95","156","157","123","92","125","134","123","140","97"
"Brooks Stehr","127","100","112","112","147","108","133","139","106","118"
"Toni Reynolds","89","155","152","105","127","96","116","102","99","88"
"Keaton Grimes","117","103","167","150","159","126","117","121","163","150"
"Nathanial Schowalter","134","139","151","129","142","109","145","126","119","158"
"Scottie Harris","127","157","160","157","135","123","163","116","113","125"
"Kayley Ferry","149","158","133","87","108","98","105","154","86","142"
"Clotilde Powlowski","147","143","124","109","110","95","100","105","151","113"
"Myrna Schowalter","156","146","142","112","161","92","155","88","102","126"
"Retta Denesik","163","114","155","163","107","148","115","91","109","147"
"Luigi Mann","113","105","160","122","95","141","116","98","152","104"
"Spencer White","139","142","97","162","173","116","118","102","117","86"
"Asia Witting","125","122","103","116","128","155","103","133","113","130"
"Rebecca Hartmann","126","146","122","127","153","129","144","168","109","143"
"Reina Connelly","97","160","99","112","115","159","102","121","161","116"
"Jordan Prohaska","157","97","95","116","107","109","128","110","147","97"
"Brionna Hirthe","143","120","149","161","123","157","129","120","105","125"
"Aidan Boehm","105","120","162","116","92","118","117","116","108","169"
"Kacey Balistreri","177","113","94","156","105","96","123","146","180","91"
"Dayna Collier","120","158","169","102","121","142","95","113","137","119"
"Josiah Predovic","126","165","158","129","99","146","93","110","130","113"
"Leatha Ziemann","156","159","159","139","99","130","124","135","107","94"
"Dorcas Becker","98","129","165","120","125","90","98","161","168","128"
"Noemi Klocko","132","123","121","173","141","107","166","118","148","125"
"Delores Langosh","82","100","160","88","85","125","117","130","119","87"
"Giuseppe Marks","110","99","81","108","151","80","89","157","148","100"
"Jeanette Hilpert","119","102","170","122","115","95","97","110","128","140"
"Eda Hoppe","104","97","139","100","117","157","134","161","154","133"
"Bailey Bosco","149","118","157","142","169","109","150","149","139","106"
"Bessie Cole","140","167","108","119","110","99","133","119","92","94"
"Pansy Schmidt","87","155","87","120","105","144","130","153","151","103"
"Ara Beahan","116","91","143","151","148","158","150","148","146","82"
"Yazmin Ziemann","85","105","130","129","88","149","125","120","85","156"
"Gabrielle Gleason","161","123","160","91","113","146","163","145","156","101"
"Amelia Labadie","138","137","124","93","144","107","141","121","141","129"
"Joanny Rice","112","142","103","103","93","93","134","139","156","138"
"Enrico Labadie","81","111","137","84","95","126","125","137","80","111"
"Graham Stark","159","105","99","140","160","142","106","140","132","128"
"Jeramie Raynor","155","114","127","152","95","147","106","142","81","156"
"Allene Nicolas","146","103","125","144","156","130","136","150","112","124"
"Harry Eichmann","94","119","116","101","132","137","96","132","96","136"
"Ashleigh Bruen","142","124","113","152","94","112","161","92","94","125"
"Cleo Wiza","94","99","157","138","167","150","133","160","97","96"
"Lois Greenfelder","159","105","129","105","156","96","142","152","148","120"
"Mireya Feeney","154","170","95","143","148","115","110","148","149","166"
"Francis Schaefer","141","123","159","156","118","159","157","93","110","150"
"Reginald Crist","126","125","122","108","140","98","172","142","158","103"
"Thurman Weber","109","129","124","135","117","108","105","148","122","169"
"Green Wisozk","117","105","130","161","125","100","127","107","165","162"
"Taurean Zieme","125","152","106","98","104","137","126","117","123","138"
"Lourdes Bruen","127","106","124","139","117","132","112","117","120","143"
"Stephan Beahan","88","94","143","156","139","113","134","151","123","102"
"Chet Maggio","170","117","137","176","150","110","96","177","118","121"
"Benedict Champlin","143","109","133","100","136","124","158","162","108","101"
"Soledad Beahan","141","102","126","125","103","120","93","109","88","123"
"Johnathon Hudson","163","99","111","112","119","153","172","172","98","155"
"Colten McCullough","135","104","126","139","165","98","145","90","105","139"
"Garnet Hayes","124","111","127","89","139","101","131","92","98","112"
"Beau Damore","162","119","128","82","127","92","144","114","93","163"
"Laurianne Schmeler","158","153","173","104","112","152","155","91","106","118"
"Name Bayer","153","152","144","99","144","83","117","167","101","111"
"Madilyn Howell","135","113","123","164","123","129","172","146","157","155"
"Jean Pollich","94","150","154","120","91","102","145","170","110","166"
"Dedrick Dicki","165","127","97","164","164","107","122","150","165","144"
"Seamus Conn","95","146","130","147","165","99","148","101","131","135"
"Tremaine Labadie","148","114","158","93","108","127","158","135","110","98"
"Laverna Jerde","157","97","135","150","117","107","100","102","113","99"
"Angel Armstrong","120","104","135","137","104","147","124","123","104","153"
"Jaycee Adams","161","109","115","89","138","100","138","116","106","136"
"Emmitt Kessler","169","117","146","168","105","109","147","128","166","130"
"Kale Okuneva","122","128","163","133","146","109","117","155","111","157"
"Damien Bednar","115","154","174","168","138","95","159","116","157","171"
"Dangelo Douglas","92","102","140","118","141","100","153","160","140","151"
"Luciano Haag","116","122","162","148","133","151","155","164","141","167"
"Hunter Hodkiewicz","106","149","126","160","88","105","158","140","117","88"
"Pasquale Frami","92","161","103","109","94","135","156","137","96","154"
"Norwood Feil","159","119","151","97","171","152","102","101","125","134"
"Evalyn Hyatt","143","108","158","106","117","159","173","143","160","114"
"Colleen Hand","131","150","160","144","111","138","151","154","110","111"
"Fatima Shanahan","97","175","94","175","131","151","179","127","103","123"
"Gavin Lowe","111","124","81","111","155","174","139","156","139","152"
"Luther Wisoky","147","115","143","143","106","122","154","155","128","134"
"Amely Feil","119","140","145","152","169","83","97","138","148","104"
"Isabelle Harvey","164","152","88","159","95","135","128","130","100","114"
"Eliane Kub","128","163","161","119","102","164","145","116","132","141"
"Clementine Tromp","163","152","113","109","117","156","105","149","162","137"
"May Friesen","139","109","149","143","114","158","139","135","105","170"
"Ivory Cartwright","138","103","122","94","108","112","120","138","132","101"
"Winnifred Kuvalis","136","95","159","101","107","115","154","156","111","119"
"Retta Blick","109","86","142","120","82","131","94","86","109","166"
"Timmy Prohaska","171","158","92","124","142","86","96","140","165","121"
"Beth Balistreri","166","152","98","96","151","172","97","100","111","131"
"Cathryn Strosin","112","121","103","125","160","117","103","140","110","120"
"Hildegard Schimmel","148","101","129","103","101","106","103","118","137","101"
"Rashawn Gaylord","104","166","111","167","164","104","111","148","135","174"
"Nels Glover","98","153","126","127","133","149","159","155","165","107"
"Princess Davis","130","149","98","149","98","128","121","108","99","83"
"Lenny Considine","153","155","161","166","166","130","171","120","101","110"
"Unique Hackett","155","127","138","99","119","138","142","139","120","130"
"Jesus McGlynn","161","155","121","102","121","126","131","109","129","96"
"Thad Labadie","164","156","109","132","102","169","119","121","151","147"
"Melvin Hermann","128","107","134","97","117","157","121","143","160","114"
"Addison Conn","105","133","123","146","124","119","125","127","124","155"
"Golda Ankunding","141","119","151","110","87","85","109","131","130","90"
"Liana Stoltenberg","109","166","159","141","149","161","150","122","163","139"
"Marvin Lynch","176","170","131","162","163","132","108","104","109","167"
"Ronny Herman","117","131","131","94","94","99","105","102","105","148"
"Mariana Borer","165","156","151","149","144","159","121","144","138","147"
"Amir VonRueden","157","128","132","156","112","138","114","146","150","153"
"Robbie Hettinger","116","142","132","152","107","96","100","135","146","135"
"Shany Kohler","95","170","145","132","91","112","152","131","169","109"
"Meredith Schaden","159","102","109","147","87","137","124","103","139","96"
"Ryleigh Champlin","121","98","161","86","158","122","104","165","162","134"
"Tabitha Blanda","91","115","152","137","136","121","142","91","100","141"
"Natasha Purdy","149","108","136","120","107","136","137","135","113","108"
"Glennie Yundt","120","124","168","101","97","121","161","161","116","97"
"Maria Stiedemann","81","157","94","178","105","96","167","123","164","177"
"Karelle Dooley","136","159","146","122","134","146","101","133","152","143"
"Westley Mosciski","158","122","145","98","107","115","156","145","133","121"
"Chaya Altenwerth","130","105","105","152","160","164","127","135","110","100"
"Taya Wolf","97","81","163","105","97","152","123","96","163","85"
"Brody Howe","135","162","95","120","129","142","128","108","116","125"
"Kayley Murazik","116","154","133","118","164","152","158","141","135","152"
"Mollie Cassin","133","132","140","157","124","158","128","119","120","101"
